Game,Platform,Year,Genre,Game Id,Time to Beat,Score,Status
1944: The Loop Master,Arcade,,,,,70,Backlog
8 Legs to Love,Pico 8,,,,,-1,Backlog
A Plumber for All Seasons,Pico 8,,,,,,Backlog
Action Fighter,Master System,,,,,63,Backlog
ActRaiser,SNES,,,,,78,Backlog
Advance Wars,Game Boy Advance,,,,,,Backlog
Adventure Island IV,NES,,,,,,Backlog
Adventure of Little Ralph,PlayStation,,,,,,Backlog
Adventures of Yogi Bear,SNES,,,,,50,Beaten
Aero Fighters,SNES,,,,,69,Beaten
Aero Fighters 2,Neo Geo,,,,,70,Backlog
Aero Fighters 3,Neo Geo,,,,,69,Backlog
After Burner,NES,,,,,57,Backlog
After Burner,Master System,,,,,57,Backlog
Air Rescue,Master System,,,,,63,Beaten
Akira: Psycho Ball,PS2,,,,,-1,Backlog
Alcahest,SNES,,,,,,Backlog
Aleste,MSX,,,,,68,Backlog
Alex Kidd in Miracle World,NES,,,,,65,Backlog
Alex Kidd in Miracle World,Master System,,,,,65,Backlog
Alex Kidd In Shinobi World,Master System,,,,,68,Backlog
Alien 3,SNES,,,,,,
Alien Hominid,Game Boy Advance,,,,,,
Alien Soldier,Mega Drive,,,,,77,Backlog
Alisia Dragoon,Mega Drive,,,,,65,Backlog
Alone in the Dark,Game Boy Color,,,,,69,Backlog
Alpine Alpaca,Pico 8,,,,,-1,Backlog
Alundra,PlayStation,,,,,,Backlog
An Autumn With You,Game Boy Color,,,,,70,Backlog
Animaniacs,SNES,,,,,63,Backlog
Ape Escape,PS1,,,,,76,Backlog
Ape Escape 2,PS2,,,,,78,Backlog
Apotris,Pico 8,,,,,,Backlog
Apotris GBA,Other,,,,,,Backlog
Ardy Light Foot,SNES,,,,,65,Backlog
Aria of Sorrow,Game Boy Advance,,,,,,Backlog
Armored Core,PlayStation,,,,,,Backlog
Armored Warriors,Arcade,,,,,75,Backlog
Ascent,Pico 8,,,,,70,Backlog
Assault Suits Valken,SNES,,,,,,Backlog
Asterix,NES,,,,,57,Backlog
Asterix,Master System,,,,,57,Backlog
Astro Boy: Omega Factor,Game Boy Advance,,,,,74,Backlog
Austin Powers Pinball,PS1,,,,,60,Backlog
Axelay,SNES,,,,,72,Beaten
Aztec,other,,,,,,
Banjo-Tooie,N64,,,,,,
Baseball Stars Color,Neo Geo Pocket,,,,,74,Backlog
Batman,PC Engine,,,,,0,Backlog
Batman: The Brave and the Bold,Nintendo DS,,,,,66,Beaten
Battle Dodgeball,SNES,,,,,0,Backlog
Battle Dodgeball II,SNES,,,,,-1,Backlog
Battle for Olympus,NES,,,,,,
Battle Pinball,SNES,,,,,40,Backlog
Battletoads,Game Gear,,,,,,Backlog
Battletoads,SNES,,,,,67,Backlog
Beckon the Hellspawn,Pico 8,,,,,-1,Backlog
Beyond Oasis,Mega Drive,,,,,,Backlog
Big2Small,Game Boy Color,,,,,,Backlog
Bill & Ted's Excellent Game Boy Adventure,Game Boy,,,,,30,Backlog
Bio Senshi Dan,NES,,,,,,
Biometal,SNES,,,,,,Backlog
Biomotor Unitron,Neo Geo Pocket,,,,,67,Backlog
Birds with Guns,Pico 8,,,,,-1,Backlog
Blackthorne,SNES,,,,,70,Backlog
Blaster Master,NES,,,,,,
Blaster Master: Enemy Below,Game Boy Color,,,,,,
Blood Will Tell,PlayStation 2,,,,,75,Backlog
Blue's Journey,Neo Geo,,,,,48,Backlog
Boktai 2,Game Boy Advance,,,,,,Backlog
Bomberman '94,PC Engine,,,,,73,Beaten
Bomberman GB,Game Boy,,,,,,Backlog
Bonk III,TurboGrafx-CD,,,,,-1,Backlog
Bonkers,SNES,,,,,,Backlog
Boogerman: A Pick and Flick Adventure,SNES,,,,,65,Backlog
Boomerang Betty,Pico 8,,,,,-1,Backlog
Brain Breaker,other,,,,,,
Brain Lord,SNES,,,,,,Backlog
Brave Fencer Musashi,PS1,,,,,75,Backlog
Brave Fencer Musashi,PlayStation,,,,,,Backlog
Breakout Hero,Pico 8,,,,,-1,Backlog
Breath of Fire III,PS1,,,,,,Backlog
Brian Bloodaxe,other,,,,,,
Bubble Bobble,Pico 8,,,,,74,Backlog
Bubble Ghost,Game Boy,,,,,65,Backlog
Bunny Survivor,Pico 8,,,,,-1,Backlog
Burger Time,Game Boy,,,,,52,Backlog
Bust-a-Move Pocket,Neo Geo Pocket,,,,,79,Backlog
Cab Ride,Pico 8,,,,,-1,Backlog
Calico,Pico 8,,,,,61,Backlog
California Games,NES,,,,,60,Backlog
Cannon Fodder,Game Boy,,,,,78,Backlog
Castlebots,Pico 8,,,,,-1,Beaten
Castlevania,NES,,,,,73,Backlog
Castlevania II: Simon s Quest,NES,,,,,,Backlog
Castlevania II: Simon's Quest,NES,,,,,,
Castlevania Legends,Game Boy,,,,,58,Backlog
Castlevania: Aria of Sorrow,Game Boy Advance,,,,,85,Backlog
Castlevania: Bloodlines,Mega Drive,,,,,75,Backlog
Castlevania: Circle of the Moon,Game Boy Advance,,,,,,
Castlevania: Harmony of Dissonance,Game Boy Advance,,,,,,
Castlevania: Rondo of Blood,SNES,,,,,81,Backlog
Castlevania: Rondo of Blood,TurboGrafx-CD,,,,,81,Backlog
Castlevania: Symphony of the Night,PlayStation,,,,,,
Castlevania: Symphony of the Night,PS1,,,,,90,Beaten
Celeste,Pico 8,,,,,88,Beaten
Celeste 2,Pico 8,,,,,75,Backlog
Charge!,Pico 8,,,,,0,Backlog
Chase HQ,NES,,,,,-1,Backlog
Chase HQ,Master System,,,,,-1,Backlog
Cheese Cat-astrophe Starring Speedy Gonzales,Master System,,,,,20,Backlog
Cherry Bomb,Pico 8,,,,,-1,Backlog
Chester Cheetah: Too Cool to Fool,SNES,,,,,50,Backlog
Chiki Chiki Boys,Mega Drive,,,,,67,Backlog
Choplifter,Master System,,,,,57,Backlog
Choplifter III,SNES,,,,,71,Beaten
Chrono Cross,PS1,,,,,,Backlog
Chrono Trigger,SNES,,,,,,Backlog
Chrysopoeia,Pico 8,,,,,-1,Backlog
Clash at Demonhead,NES,,,,,,
Coffee Time,Pico 8,,,,,0,Backlog
Combo Pool,Pico 8,,,,,-1,Beaten
Comix Zone,Mega Drive,,,,,74,Backlog
Congo's Caper,SNES,,,,,66,Backlog
Contra,NES,,,,,77,Backlog
Contra: Hard Corps,Mega Drive,,,,,79,Backlog
Cookies Bakery,Game Boy Color,,,,,,Backlog
Cotton: Fantastic Night Dreams,Neo Geo Pocket,,,,,73,Backlog
Covert Ops: Nuclear Dawn,PS1,,,,,63,Backlog
Crisis Beat,PS1,,,,,68,Backlog
Crowded Dungeon Crawler,Pico 8,,,,,-1,Backlog
Crusader of Centy,Mega Drive,,,,,76,Backlog
Crusader of Senty,Mega Drive,,,,,,Backlog
Crush Roller,Neo Geo Pocket,,,,,57,Backlog
Crystalis,NES,,,,,,Backlog
Curse of the Linch King,Pico 8,,,,,-1,Backlog
Cyber Tinker,Pico 8,,,,,-1,Backlog
Cybernator,SNES,,,,,,Backlog
Dank Tomb,Pico 8,,,,,70,Backlog
Dark Arms: Beast Buster,Neo Geo Pocket,,,,,73,Backlog
Dark Saviour,Sega Saturn,,,,,,Backlog
Daze Before Christmas,SNES,,,,,64,Backlog
Deae Tonosama Appare Ichiban,SNES,,,,,0,Backlog
Decap Attack,Mega Drive,,,,,62,Backlog
Deception III: Dark Delusion,PS1,,,,,77,Backlog
Defacto,Pico 8,,,,,-1,Backlog
Delunky,Pico 8,,,,,-1,Backlog
Demon Castle,Pico 8,,,,,-1,Backlog
Demon's Crest,SNES,,,,,74,Backlog
Densetsu no Ogre Battle Gaiden: Zenobia no Ouji,Neo Geo Pocket,,,,,0,Backlog
Desert Strike,Mega Drive,,,,,,Backlog
Desert Strike: Return to the Gulf,SNES,,,,,71,Backlog
Devil's Crush,PC Engine,,,,,71,Backlog
Dexter's Laboratory: Robot Rampage,Game Boy Color,,,,,55,Backlog
Diablo,PC,,,,,,Backlog
Diablo II,PC,,,,,,Backlog
Digital Pinball: Necromicon,Sega Saturn,,,,,-1,Backlog
Dinky Kong,Pico 8,,,,,69,Backlog
Dinocity,SNES,,,,,,Backlog
Dinosaurs for Hire,Mega Drive,,,,,60,Backlog
Dirge of Cerberus: Final Fantasy VII,PlayStation 2,,,,,,Backlog
Disney's Bonkers,SNES,,,,,70,Backlog
Disney's Hercules,PS1,,,,,69,Beaten
Dive Alert,Neo Geo Pocket,,,,,55,Backlog
DKC 2 : Diddy Kong's Quest,SNES,,,,,,Backlog
Dodgeball,NES,,,,,85,Backlog
Dodgeball,PS2,,,,,85,Backlog
Dodgeball,Unknown,,,,,,Backlog
Dolucky no Kusayakiu,SNES,,,,,0,Backlog
Donald Duck in the Magic Hat,SNES,,,,,-1,Beaten
Donald Duck No Mahou No Boushi,SNES,,,,,72,Backlog
Donkey Kong,Game Boy,,,,,64,Backlog
Donkey Kong Country 2,SNES,,,,,,Backlog
Donkey Kong Land 2,Game Boy,,,,,71,Backlog
DoReMi Fantasy,SNES,,,,,80,Backlog
Double Dragon,NES,,,,,62,Backlog
Double Dragon,Master System,,,,,62,Backlog
Downward,Pico 8,,,,,59,Backlog
Dr. Mario,Game Boy,,,,,69,Backlog
Dragon Ball: Advanced Adventure,Game Boy Advance,,,,,77,Backlog
Dragon Crystal,Game Gear,,,,,,Backlog
Dragon Quest IX,Nintendo DS,,,,,,Backlog
Dragon Quest V,SNES,,,,,0,Backlog
Dragon Quest VI,Nintendo DS,,,,,,Backlog
Dragon Quest VII,PS1,,,,,78,Backlog
Dragon View,SNES,,,,,,
Dragon's Fury,Mega Drive,,,,,71,Backlog
Drill Dozer,Game Boy Advance,,,,,77,Backlog
Driver,PS1,,,,,72,Backlog
Driver 2,PS1,,,,,75,Backlog
DUNGEON!,Pico 8,,,,,-1,Backlog
Dungeons & Dragons: Shadow over Mystara,Arcade,,,,,78,Backlog
Dungeons & Dragons: Tower of Doom,Arcade,,,,,70,Backlog
Dynamite Cop,Dreamcast,,,,,75,Backlog
Dynamite Dan,other,,,,,,
Dynamite Headdy,Mega Drive,,,,,72,Backlog
E.V.O.: Search for Eden,SNES,,,,,69,Backlog
Earthbound,SNES,,,,,,Backlog
Ecco the Dolphin,Mega Drive,,,,,59,Backlog
Einhander,PS1,,,,,,Backlog
Espada de Vermelh o,Unknown,,,,,,Backlog
Eternal Ring,PlayStation 2,,,,,,Backlog
Evolution: Eternal Dungeons,Neo Geo Pocket,,,,,0,Backlog
Fallen Star,Pico 8,,,,,80,Backlog
Falling Sand,Pico 8,,,,,-1,Backlog
Fantastic Night Dreams Cotton Original,PS1,,,,,,Backlog
Fantasy Zone,NES,,,,,67,Backlog
Fantasy Zone,Master System,,,,,67,Backlog
Fantasy Zone II: The Tears Of Opa-Opa,NES,,,,,72,Backlog
Fantasy Zone II: The Tears Of Opa-Opa,Master System,,,,,72,Backlog
Farm Panic,Pico 8,,,,,-1,Backlog
Faselei!,Neo Geo Pocket,,,,,90,Backlog
Fatal Fury: First Contact,Neo Geo Pocket,,,,,63,Backlog
Faxanadu,NES,,,,,,
Final Fantasy Adventure,Game Boy,,,,,71,Backlog
Final Fantasy IV,SNES,,,,,80,Backlog
Final Fantasy Legend 2,Game Boy,,,,,-1,Backlog
Final Fantasy Legend 3,Game Boy,,,,,-1,Backlog
Final Fantasy Tactics The Lion War ReMixed,PS1,,,,,,Backlog
Final Fantasy VII,PS1,,,,,,Backlog
Final Fantasy VIII,PS1,,,,,,Backlog
Final Fight,SNES,,,,,71,Backlog
Final Soldier,PC Engine,,,,,72,Backlog
Fire Emblem,Game Boy Advance,,,,,,Backlog
Fire emblem the sacred stones,Game Boy Advance,,,,,,Backlog
Fire Emblem: The Sacred Stones,Game Boy Advance,,,,,81,Backlog
Fire 'n Ice,NES,,,,,72,Backlog
FlipKnight,Pico 8,,,,,-1,Backlog
Flipnic: Ultimate Pinball,PS2,,,,,64,Backlog
Front Mission: Gun Hazard,SNES,,,,,77,Backlog
Frostpunk,Pico 8,,,,,81,Backlog
Fuz,Pico 8,,,,,38,Backlog
Galaga,NES,,,,,,Backlog
Galaxian,NES,,,,,,Backlog
Galaxian,Pico 8,,,,,61,Backlog
Ganbare Goemon 3,SNES,,,,,87,Backlog
Ganbare! Daiku no Gen-san,SNES,,,,,80,Backlog
Gargoyle's Quest,Game Boy,,,,,72,Backlog
Gargoyle's Quest II,NES,,,,,,
Gar's Den,Pico 8,,,,,60,Backlog
Gate of Thunder,TurboGrafx-CD,,,,,77,Backlog
Genji: Dawn of the Samurai,PlayStation 2,,,,,76,Backlog
Ghost Pilots,Neo Geo,,,,,59,Backlog
Ghostbusters II GB,Game Boy,,,,,,Backlog
Ghosts 'n Goblins,Arcade,,,,,60,Backlog
Ghoul Patrol,SNES,,,,,53,Backlog
Ghouls 'n Ghosts,Master System,,,,,71,Backlog
Ghouls 'n Ghosts,NES,,,,,71,Backlog
Ghouls N  Ghosts,Master System,,,,,-1,Backlog
Ginga Fukei Densetsu Sapphire,TurboGrafx-CD,,,,,82,Backlog
Glory Hunters,Game Boy Color,,,,,,Backlog
GODS,SNES,,,,,62,Backlog
Golden Axe,Mega Drive,,,,,67,Backlog
Golden Axe II,Mega Drive,,,,,67,Backlog
Golden Axe Warrior,NES,,,,,71,Backlog
Golden Axe Warrior,Master System,,,,,71,Backlog
Golf Sunday,Pico 8,,,,,-1,Backlog
Golvellius: Valley of Doom,NES,,,,,68,Backlog
Golvellius: Valley of Doom,Master System,,,,,68,Backlog
Gon,SNES,,,,,,Backlog
Goof Troop,SNES,,,,,80,Beaten
Gran Turismo A-Spec,PS1,,,,,,Backlog
Great Greed,Game Boy,,,,,74,Backlog
Grow Dungeon,Pico 8,,,,,-1,Backlog
Growl,Mega Drive,,,,,59,Beaten
Guncho,Pico 8,,,,,-1,Backlog
Gunstar Heroes,Mega Drive,,,,,81,Backlog
Gurumin,PSP,,,,,,Backlog
Hamtaro: Ham-Ham Heartbreak,Game Boy Advance,,,,,77,Backlog
Haunting,Mega Drive,,,,,75,Backlog
Heart of Darkness,PS1,,,,,75,Backlog
Hexcite: The Shapes of Victory,Game Boy Color,,,,,0,Backlog
High Seas Havoc,Mega Drive,,,,,63,Beaten
High Stakes,Pico 8,,,,,0,Backlog
Hogs of War,PS1,,,,,75,Backlog
Home Alone,SNES,,,,,51,Backlog
I Just Wanna Land,Pico 8,,,,,-1,Backlog
Illusion of Gaia,SNES,,,,,,Backlog
Impossible Mission,other,,,,,,
IndestructoTank GB,Game Boy,,,,,,Backlog
Indiana Jones' Greatest Adventures,SNES,,,,,68,Backlog
Into Ruins,Pico 8,,,,,-1,Backlog
Invader,Game Boy Advance,,,,,0,Backlog
Jabberwocky,Game Boy Color,,,,,,Backlog
Jack of Cards,Pico 8,,,,,-1,Backlog
Jet Set Willy,other,,,,,,
Jet Set Willy II,other,,,,,,
Juka and the Monophonic Menace,Game Boy Advance,,,,,58,Backlog
Jungle Strike,Mega Drive,,,,,,Backlog
Just One Boss,Pico 8,,,,,70,Backlog
Kalikan,Pico 8,,,,,-1,Backlog
Katamari Damacy,PS2,,,,,84,Backlog
Kenseiden,Master System,,,,,61,Backlog
Kensei-Den,NES,,,,,-1,Backlog
Kid Dracula,Game Boy,,,,,66,Backlog
Kid Icarus,NES,,,,,,
King Arthur's World,SNES,,,,,71,Backlog
King Colossus,Mega Drive,,,,,71,Backlog
King of Dragons,SNES,,,,,72,Backlog
Kirby Dream Course,SNES,,,,,,Backlog
Kirby: Squeak Squad,Nintendo DS,,,,,74,Backlog
Kirbyâ€™s Dream Land 2,Game Boy,,,,,,Backlog
Kirby's Adventure,NES,,,,,77,Backlog
Kirby's Block Ball,Game Boy,,,,,68,Backlog
Kirby's Dream Course,SNES,,,,,72,Backlog
Kirby's Dream Land,Game Boy,,,,,69,Beaten
Kirby's Dream Land 2,Game Boy,,,,,70,Backlog
Kirby's Pinball Land,Game Boy,,,,,59,Backlog
Kishin Douji Zenki Battle Raiden,SNES,,,,,73,Backlog
Kiss Pinball,PlayStation,,,,,40,Backlog
Klonoa,PlayStation,,,,,,Backlog
Klonoa 2: Lunatea's Veil,PlayStation 2,,,,,78,Backlog
Klonoa: Door to Phantomile,PlayStation,,,,,78,Backlog
Klonoa: Door to Phantomile,PS1,,,,,78,Backlog
Knights of the Round,SNES,,,,,,Backlog
Kono Subarashii Sekai ni Shukufuku o! Fukkatsu no Beldia,PC,,,,,66,Backlog
Kyuutenkai Fantastic Pinball,Sega Saturn,,,,,-1,Backlog
Lady Sword,PC Engine,,,,,,Backlog
Lamborghini American Challenge,SNES,,,,,66,Backlog
Land Of Illusion Starring Mickey Mouse,NES,,,,,78,Backlog
Land Of Illusion Starring Mickey Mouse,Master System,,,,,78,Backlog
Landstalker,Mega Drive,,,,,,Backlog
Last Alert,TurboGrafx-CD,,,,,69,Backlog
Last Blade: Beyond the Destiny,Neo Geo Pocket,,,,,68,Backlog
Layla,NES,,,,,,
Legacy of Kain: Blood Omen,PlayStation,,,,,,Backlog
Legacy of the Wizard,NES,,,,,,
Legend of Oasis,Sega Saturn,,,,,,Backlog
Lil' Satan's Cake Quest,Pico 8,,,,,-1,Backlog
Lilo & Stitch,Game Boy Advance,,,,,61,Backlog
Link to the Past,SNES,,,,,,Backlog
Linkle Liver Story,Sega Saturn,,,,,,Backlog
Little Architect,Pico 8,,,,,-1,Backlog
Little Eidolons,Pico 8,,,,,-1,Backlog
Little Samson,NES,,,,,79,Backlog
Lords of Thunder,TurboGrafx-CD,,,,,,Backlog
Low Knight,Pico 8,,,,,91,Backlog
Low Mem Sky,Pico 8,,,,,-1,Backlog
Lufia 2,SNES,,,,,,Backlog
Magic Knight Rayearth,Sega Saturn,,,,,,Backlog
Magic Sword,SNES,,,,,68,Backlog
Magical Chase,Game Boy Color,,,,,66,Backlog
Magical Drop Pocket,Neo Geo Pocket,,,,,65,Backlog
Magical Hat no Buttobi Turbo! Daib?ken,Mega Drive,,,,,-1,Backlog
Magical Quest,SNES,,,,,73,Backlog
Magician Lord,Neo Geo,,,,,49,Backlog
Mai Chan's Sweet Buns,Pico 8,,,,,-1,Backlog
Mai-Chan's Sweet Buns,Pico 8,,,,,-1,Backlog
Marble Madness,NES,,,,,63,Backlog
Marble Madness,Master System,,,,,63,Backlog
Mario & Luigi: Bowser's Inside Story,Nintendo DS,,,,,84,Backlog
Mario & Luigi: Superstar Saga,Game Boy Advance,,,,,82,Backlog
Mario Picross,Game Boy,,,,,75,Backlog
Mario Pinball Land,Game Boy Advance,,,,,55,Backlog
Mario RPG,SNES,,,,,82,Backlog
Mario Tennis,Game Boy Color,,,,,,Backlog
Mario's Picross,Game Boy,,,,,75,Backlog
Marvel vs Capcom,PlayStation,,,,,84,Backlog
Mask,SNES,,,,,78,Backlog
Maze of Galious: Knightmare II,MSX,,,,,,
Mazes of Fate,Game Boy Advance,,,,,73,Backlog
Mega Man,NES,,,,,67,Beaten
Mega Man,Game Gear,,,,,,Backlog
Mega Man 3,NES,,,,,77,Backlog
Mega Man Battle Network,Game Boy Advance,,,,,,Backlog
Mega Man: The Wily Wars,Mega Drive,,,,,74,Backlog
Mega Twins (Chiki Chiki Boys),Mega Drive,,,,,-1,Backlog
MegaMan X4,PlayStation,,,,,,Backlog
Mercenary Force,Game Boy,,,,,49,Backlog
Mercs,Mega Drive,,,,,67,Beaten
Metal Gear Solid,Game Boy Color,,,,,89,Backlog
Metal Slug,Neo Geo,,,,,76,Backlog
Metal Slug 1st Mission,Neo Geo Pocket,,,,,69,Backlog
Metal Slug 2nd Mission,Neo Geo Pocket,,,,,68,Backlog
Metal Walker,Game Boy Color,,,,,70,Backlog
Metal Warriors,SNES,,,,,,Backlog
Metroid,NES,,,,,,Backlog
Metroid Fusion,Game Boy Advance,,,,,,
Metroid II: Return of Samus,Game Boy,,,,,69,Backlog
Metroid Prime,Nintendo GameCube,,,,,,
Metroid Prime Pinball,Nintendo DS,,,,,69,Backlog
Metroid Zero Mission,Game Boy Advance,,,,,,
Metroid: Zero Mission,Game Boy Advance,,,,,84,Beaten
Micro Machines,SNES,,,,,,Backlog
Microsoft Pinball Arcade,Game Boy Color,,,,,60,Backlog
Mighty Morphin Power Rangers,Mega Drive,,,,,66,Backlog
Mighty Morphin Power Rangers,SNES,,,,,66,Backlog
Mighty Morphin Power Rangers: The Movie,SNES,,,,,68,Backlog
Milon's Secret Castle,NES,,,,,,
Mimic,Pico 8,,,,,0,Backlog
Mini Mines,Pico 8,,,,,-1,Beaten
Minimines,Pico 8,,,,,-1,Backlog
Mistigri,Pico 8,,,,,-1,Backlog
Monster Max,Game Boy,,,,,0,Backlog
Monster Tale,Nintendo DS,,,,,73,Backlog
Monster World IV,Mega Drive,,,,,,
Montezuma's Revenge,other,,,,,,
Monty on the Run,other,,,,,,
Moon Patrol,Pico 8,,,,,75,Backlog
Mortal Kombat: Shaolin Monks,PS2,,,,,78,Backlog
Mother 3,Game Boy Advance,,,,,91,Backlog
Motocross Maniacs,Game Boy,,,,,60,Backlog
Neo Turf Masters,Neo Geo Pocket,,,,,69,Backlog
Neon Saucer,Pico 8,,,,,-1,Backlog
New Adventure Island,PC Engine,,,,,71,Backlog
New Super Mario Bros.,Nintendo DS,,,,,77,Beaten
Ni no Kuni: Wrath of the White Witch,PS3,,,,,82,Backlog
Night of the Zombie Handheld Videogame Console Snatchers,Game Boy Color,,,,,,Backlog
Night Ride,Pico 8,,,,,43,Backlog
Ninja Gaiden Shadow,Game Boy Color,,,,,70,Backlog
Nosferatu,SNES,,,,,67,Backlog
Odama,Nintendo GameCube,,,,,55,Backlog
Olden Peak,Pico 8,,,,,-1,Backlog
One Room Dungeon,Pico 8,,,,,-1,Backlog
Onitama,Pico 8,,,,,-1,Backlog
Operation Wolf,NES,,,,,64,Backlog
Operation Wolf,Master System,,,,,64,Backlog
Out Run,NES,,,,,70,Backlog
Out Run,Master System,,,,,70,Backlog
OutRun,Mega Drive,,,,,70,Backlog
Pa Tank,3DO,,,,,55,Backlog
Pac-Man,Neo Geo Pocket,,,,,68,Backlog
Pac-Man Pinball,Game Boy Advance,,,,,30,Backlog
Papai Noel snes,SNES,,,,,,Backlog
Paper Mario: The Thousand-Year Door,Nintendo GameCube,,,,,88,Backlog
Paperboy 2,Mega Drive,,,,,66,Backlog
Parasite Eve,PlayStation,,,,,,Backlog
PCFT,Pico 8,,,,,-1,Backlog
Phantasy Star,NES,,,,,74,Backlog
Phantasy Star,Master System,,,,,74,Backlog
Phantom 2040,SNES,,,,,73,Backlog
Pharaoh's Curse,other,,,,,,
Pic-Man,Pico 8,,,,,-1,Backlog
Pico World Race,Pico 8,,,,,-1,Backlog
PicoKaiju,Pico 8,,,,,-1,Backlog
Picture Puzzle,Neo Geo Pocket,,,,,80,Backlog
Pieces of Cake,Pico 8,,,,,-1,Backlog
Pinball Fantasies,DOS,,,,,82,Backlog
Pin-Bot,NES,,,,,-1,Backlog
Pitfall II,other,,,,,,
Pocket Tennis Color,Neo Geo Pocket,,,,,63,Backlog
Pocky & Rocky,SNES,,,,,75,Backlog
Pocky & Rocky 2,SNES,,,,,,Backlog
Pok mon Pinball,Game Boy Color,,,,,72,Backlog
Pok mon Pinball: Ruby & Sapphire,Game Boy Advance,,,,,68,Backlog
Pokemon Red and Blue,Game Boy,,,,,72,Backlog
Pokemon Snap,N64,,,,,81,Backlog
Pokemon Trading Card Game,Game Boy Color,,,,,74,Beaten
Pokemon Yellow,Game Boy,,,,,76,Beaten
Poom,Pico 8,,,,,70,Backlog
Popful Mail,Sega Saturn,,,,,,Backlog
Porklike,Pico 8,,,,,73,Backlog
Porklike,Game Boy Color,,,,,,Backlog
PowerSlave/Exhumed,other,,,,,,
Prince of Persia,Game Boy,,,,,-1,Backlog
Project S-11,Game Boy Color,,,,,72,Backlog
Psycho Fox,NES,,,,,60,Backlog
Psycho Fox,Master System,,,,,70,Backlog
Psycho Pinball,Mega Drive,,,,,70,Backlog
Pulseman,Mega Drive,,,,,77,Backlog
Punch-Out!!,NES,,,,,71,Backlog
Punky Skunky,PS1,,,,,82,Backlog
Puyo Pop,Neo Geo Pocket,,,,,-1,Backlog
Puzzle Link,Neo Geo Pocket,,,,,68,Backlog
Puzzle Link 2,Neo Geo Pocket,,,,,75,Backlog
Rambo,NES,,,,,,
Rapid Reload (Gunner's Paradise),PS1,,,,,70,Backlog
Riot Zone,TurboGrafx-CD,,,,,-1,Beaten
Ristar,Game Gear,,,,,61,Backlog
Ristar,Mega Drive,,,,,74,Backlog
Road Rash,NES,,,,,74,Backlog
Road Rash,Master System,,,,,76,Backlog
Rocket Knight Adventures,Mega Drive,,,,,76,Backlog
Rocket Knight Adventures 2,Mega Drive,,,,,79,Beaten
Rockman Battle and Fighters,Neo Geo Pocket,,,,,68,Backlog
Rocky Rodent,SNES,,,,,-1,Backlog
Roller Coaster,other,,,,,,
R-Type,Pico 8,,,,,60,Backlog
R-Type,Master System,,,,,69,Backlog
Rygar,NES,,,,,,
Sam Mallard,Game Boy Color,,,,,,Backlog
Samurai Shodown,Neo Geo Pocket,,,,,69,Backlog
Samurai Shodown! 2,Neo Geo Pocket,,,,,78,Backlog
Scribblenauts,Nintendo DS,,,,,68,Backlog
Sea Trader: Rise of Taipan,Game Boy Advance,,,,,67,Backlog
Secret of Evermore,SNES,,,,,,Backlog
Secret of Mana,SNES,,,,,,Backlog
Seiken Densetsu 3,SNES,,,,,,Backlog
Shaman King: Master of Spirits,Game Boy Advance,,,,,,
Shantae,Game Boy Color,,,,,,
Shape of Mind,Pico 8,,,,,0,Backlog
Shelled Shinobi,Pico 8,,,,,-1,Backlog
Shining Soul II,Game Boy Advance,,,,,,Backlog
Shinobi,NES,,,,,-1,Backlog
Shinobi,Master System,,,,,66,Backlog
Shinobi II: The Silent Fury,Game Gear,,,,,66,Backlog
Shotgun Legend,Other,,,,,,Backlog
Shounen Ninja Sasuke,NES,,,,,,Backlog
Slider,Game Gear,,,,,,Backlog
Slipways,Pico 8,,,,,,Backlog
SNK Gals Fighter,Neo Geo Pocket,,,,,73,Backlog
SNK Vs Capcom: The Match of the Millennium,Neo Geo Pocket,,,,,73,Backlog
SNK Vs. Capcom: Card Fighters Clash,Neo Geo Pocket,,,,,73,Backlog
SNK Vs. Capcom: Match of the Millennium,Neo Geo Pocket,,,,,70,Backlog
Snowball Gaiden,Pico 8,,,,,73,Backlog
Sol-Feace,Mega Drive,,,,,-1,Backlog
Sonic 2,Master System,,,,,66,Backlog
Sonic 3 & Knuckles,Mega Drive,,,,,70,Backlog
Sonic 3D Blast,Mega Drive,,,,,86,Backlog
Sonic Chaos,NES,,,,,61,Backlog
Sonic Chaos,Master System,,,,,63,Backlog
Sonic Colors,Nintendo DS,,,,,63,Backlog
Sonic Drift 2,Game Gear,,,,,74,Backlog
Sonic the Hedgehog,Mega Drive,,,,,,Backlog
Sonic The Hedgehog 2,NES,,,,,72,Beaten
Sonic The Hedgehog 2,Mega Drive,,,,,80,Backlog
Sonic the Hedgehog Pocket Adventure,Neo Geo Pocket,,,,,80,Backlog
Sonic Wings 2,Neo Geo,,,,,69,Backlog
Sonic Wings 3,Neo Geo,,,,,70,Backlog
Sonic Wings Assault,N64,,,,,69,Backlog
Sonic Wings Limited,PS1,,,,,70,Backlog
Sonic Wings Special,PS1,,,,,-1,Backlog
Soul Blazer,SNES,,,,,78,Backlog
Soul Reaver,PlayStation,,,,,,Backlog
Soul Void Redux,Game Boy Color,,,,,,Backlog
Space Harrier 3-D,Master System,,,,,70,Backlog
Space Harrier 3-D,NES,,,,,77,Backlog
Space Manbow,MSX,,,,,70,Backlog
Spanky's Quest,SNES,,,,,0,Backlog
Sparkster,SNES,,,,,58,Backlog
Speedy Gonzales,Game Gear,,,,,71,Backlog
Speedy Gonzales,Game Boy,,,,,52,Beaten
Speedy Gonzales in Los Gatos Bandidos,SNES,,,,,52,Beaten
Speedy Gonzales: Aztec Adventure,Game Boy Color,,,,,-1,Backlog
Spelunker II,NES,,,,,,
Splatterhouse,PC Engine,,,,,53,Backlog
Spy vs Spy,NES,,,,,68,Backlog
SRD: Super Real Darwin,Mega Drive,,,,,77,Backlog
Star Cat,Pico 8,,,,,-1,Backlog
Star Wars Episode III - Revenge Of The Sith,Game Boy Advance,,,,,0,Backlog
Steel Empire,Mega Drive,,,,,,Backlog
Streets of Rage 2,Mega Drive,,,,,69,Backlog
Strider,NES,,,,,80,Backlog
Super Adventure Island,SNES,,,,,71,Backlog
Super Adventure Island II,SNES,,,,,67,Backlog
Super Dodge Ball,Arcade,,,,,71,Backlog
Super Dodgeball,PC Engine,,,,,65,Backlog
Super Dodgeball,Neo Geo,,,,,10,Backlog
Super Dodgeball Brawlers,Nintendo DS,,,,,10,Backlog
Super Ghouls 'n Ghosts,SNES,,,,,82,Backlog
Super Hexagon,Pico 8,,,,,72,Backlog
Super Hot,Pico 8,,,,,78,Backlog
Super Mario Bros.,NES,,,,,0,Backlog
Super Mario Land,Game Boy,,,,,,Beaten
Super Mario Land 2: 6 Golden Coins,Game Boy,,,,,68,Beaten
Super Metroid,SNES,,,,,76,Backlog
Super Princess Peach,Nintendo DS,,,,,89,Backlog
Super Punch-Out!!,Arcade,,,,,66,Backlog
Super Punch-Out!!,SNES,,,,,78,Backlog
Super Star Wars,SNES,,,,,78,Backlog
Super Star Wars: Return of the Jedi,SNES,,,,,66,Backlog
Super Star Wars: The Empire Strikes Back,SNES,,,,,67,Backlog
Survival Kids,Game Boy Color,,,,,63,Backlog
Sword of the Lich King,Pico 8,,,,,67,Backlog
Swordfish,Pico 8,,,,,-1,Backlog
Swords of Mana,Game Boy Advance,,,,,,Backlog
Syd of Valis,Mega Drive,,,,,-1,Backlog
Tail 'Gator,Game Boy,,,,,58,Backlog
Tails Adventure,Game Gear,,,,,70,Backlog
Tails Adventures,Game Gear,,,,,,
Tales of Destiny,PlayStation,,,,,,Backlog
Teakwebdindo SNES,Unknown,,,,,,Backlog
Technician Ted,other,,,,,,
Teenage Mutant Ninja Turtles,Mega Drive,,,,,62,Backlog
Teenage Mutant Ninja Turtles,Game Boy Advance,,,,,,Backlog
Teenage Mutant Ninja Turtles III: Radical Rescue,Game Boy,,,,,,
Terranigma,SNES,,,,,,Backlog
Tetragram,Pico 8,,,,,62,Backlog
Tetris,Game Boy,,,,,-1,Backlog
Tetris DX,Game Boy Color,,,,,80,Backlog
The Adventure of Little Ralph,PS1,,,,,76,Backlog
The Adventures of Batman and Robin,SNES,,,,,74,Backlog
The Amazing Spider-Man: Lethal Foes,SNES,,,,,66,Backlog
The Battle of Olympus,NES,,,,,,Backlog
The CrossGunr Series,Pico 8,,,,,67,Backlog
The Divide: Enemies Within,PC,,,,,,
The Firemen,SNES,,,,,-1,Backlog
The Firemen 2,PS1,,,,,77,Backlog
The Flightless,Pico 8,,,,,50,Backlog
The Getaway,Game Boy,,,,,-1,Backlog
The Goonies,NES,,,,,,
The Goonies II,NES,,,,,,
The King of Fighters: R2,Neo Geo Pocket,,,,,69,Backlog
The Lair,Pico 8,,,,,-1,Backlog
The Legend of the Mystical Ninja,SNES,,,,,0,Backlog
The Legend of Zelda,NES,,,,,73,Beaten
The Legend of Zelda: Link's Awakening,Game Boy,,,,,75,Backlog
The Legend of Zelda: Link's Awakening,Game Boy Color,,,,,83,Beaten
The Legend of Zelda: Oracle of Ages,Game Boy Color,,,,,83,Backlog
The Legend of Zelda: Oracle of Seasons,Game Boy Color,,,,,78,Backlog
The Legend of Zelda: Spirit Tracks,Nintendo DS,,,,,78,Backlog
The Lion King,SNES,,,,,74,Backlog
The Lost Night,Pico 8,,,,,68,Beaten
The Lucky Dime Caper Starring Donald Duck,NES,,,,,0,Backlog
The Lucky Dime Caper Starring Donald Duck,Master System,,,,,71,Backlog
The Machine,Game Boy,,,,,71,Backlog
The Magic of Scheherazade,NES,,,,,,Backlog
The Mask,SNES,,,,,77,Backlog
The Misadventures of Tron Bonne,PS1,,,,,66,Backlog
The Ninja Warriors,SNES,,,,,76,Backlog
The Pinball of the Dead,Game Boy Advance,,,,,55,Backlog
The Simpsons: Hit & Run,PlayStation 2,,,,,63,Backlog
The Simpsons: Road Rage,Game Boy Advance,,,,,-1,Backlog
The Tower of Archeos,Pico 8,,,,,-1,Backlog
The Twisted Tales of Spike McFang,SNES,,,,,,Backlog
Thrill Kill,PS1,,,,,-1,Backlog
Tiny Farm,Pico 8,,,,,50,Backlog
Tiny Toon Adventures: Buster Busts Loose!,SNES,,,,,0,Backlog
To a Starling,Pico 8,,,,,70,Backlog
Toki,Mega Drive,,,,,80,Backlog
Toki Tori,Game Boy Color,,,,,52,Backlog
Tomba,PS1,,,,,70,Backlog
Tomba!,PlayStation,,,,,,
Towers: Lord Baniff's Deceit,Game Boy Color,,,,,78,Backlog
Toy Story,SNES,,,,,40,Backlog
Toy Story 2: Buzz Lightyear to the Rescue,PS1,,,,,62,Backlog
Toy Story 3,PS2,,,,,73,Backlog
Traumatarium Penitent,Game Boy Color,,,,,,Backlog
Trial of the Sorcerer,Pico 8,,,,,71,Backlog
Trials of Mana,SNES,,,,,,Backlog
UFO Swamp Odyssey,Pico 8,,,,,-1,Backlog
Ufouria: The Saga,NES,,,,,,
Ultimate Ghosts'n Goblins,PSP,,,,,77,Backlog
Undercover Cops,SNES,,,,,-1,Backlog
UnikoToast Games,Pico 8,,,,,60,Backlog
Uninvited,NES,,,,,-1,Backlog
Uniracers,SNES,,,,,63,Backlog
Upward,Pico 8,,,,,60,Backlog
Valas,TurboGrafx-CD,,,,,65,Backlog
Vampire Killer,MSX,,,,,,
Vampire: Master Of Darkness,NES,,,,,-1,Backlog
Vampire: Master Of Darkness,Master System,,,,,70,Backlog
Vapor Trail,Mega Drive,,,,,70,Backlog
Villager,Pico 8,,,,,70,Backlog
Villager Man,Pico 8,,,,,0,Backlog
Wacky Races,NES,,,,,-1,Backlog
War of the Gems,SNES,,,,,82,Backlog
Wario Land 2,Game Boy,,,,,73,Backlog
Wario Land: Super Mario Land 3,Game Boy,,,,,71,Backlog
"WarioWare, Inc.: Mega Microgames!",Game Boy Advance,,,,,75,Backlog
"WarioWare, Inc.: Mega Party Games!",Game Boy Advance,,,,,78,Backlog
WarioWare: Twisted!,Game Boy Advance,,,,,74,Backlog
Warlock,Game Boy Color,,,,,78,Backlog
WarWind,Pico 8,,,,,57,Backlog
Wendy: Every Witch Way,Game Boy Color,,,,,-1,Backlog
Wild Guns,SNES,,,,,64,Backlog
Witchcraft TD,Pico 8,,,,,78,Backlog
Wizard Rule,Pico 8,,,,,-1,Backlog
Wonder Boy 3: The Dragon s Trap,Master System,,,,,-1,Backlog
Wonder Boy III: The Dragon's Trap,Master System,,,,,,
Wonder Boy in Monster World,Mega Drive,,,,,-1,Backlog
World of Illusion Starring Mickey Mouse and Donald Duck,Mega Drive,,,,,74,Backlog
Xanadu,NES,,,,,,
Xexys,NES,,,,,73,Backlog
Xexyz,NES,,,,,,
X-Men: Mutant Apocalypse,SNES,,,,,-1,Backlog
Yoshi's Cookie,Game Boy,,,,,71,Backlog
Ys I,PC Engine,,,,,,Backlog
Ys II,PC Engine,,,,,,Backlog
Ys III,SNES,,,,,60,Backlog
Ys III: Wanderers from Ys,SNES,,,,,78,Backlog
Ys IV,PC Engine,,,,,,Backlog
Ys Origin,PC,,,,,,Backlog
Ys series,Unknown,,,,,,Backlog
Ys: The Vanishing Omen,Master System,,,,,68,Backlog
Zelda II: Adventure of Link,NES,,,,,,
Zelda II: The Adventure of Link,NES,,,,,-1,Backlog
Zeliard,PC,,,,,,Backlog
Zillion,Master System,,,,,,
Zombies Ate My Neighbors,SNES,,,,,61,Backlog
Zwei!!,PC,,,,,,Backlog
Pink Goes to Hollywood,SNES,,,,,,Backlog
Vandyke,MAME,,,,,,Backlog
Lifeforce,SNES,,,,,,Backlog
Super Robot Taisen - Original Generation,GBA,,,,,,Backlog
Valkyrie Profile,PS1,,,,,,Backlog
Black Castle,GB,,,,,,Backlog
Pocket Bomberman,Game Boy,,,,,,Backlog
Black Castle,Unknown,,,,,,Backlog
Pok mon Crystal Clear,Other,,,,,,Backlog
Pok mon HeartGold,Nintendo DS,,,,,,Backlog
Pok mon SoulSilver,Nintendo DS,,,,,,Backlog
Commander Keen 4,DOS,,,,,,Backlog
Catrap,Game Boy,,,,,,Backlog
The Machine,Game Boy Color,,,,,,Backlog
Cryptsweeper,Game Boy Advance,,,,,,Backlog
Felix the Cat,NES,,,,,,Backlog
Inspector Gadget,SNES,,,,,,Backlog
MDK,PS1,,,,,,Backlog
The Dig,PC,,,,,,Backlog
Garfield: Caught in the Act,Mega Drive,,,,,,Backlog
Bionic Commando,Game Boy,,,,,,Backlog
Kirby Block Ball,Game Boy,,,,,,Backlog
Mole Mania,Game Boy,,,,,,Backlog
Kirby: Nightmare in Dreamland,Game Boy Advance,,,,,,Backlog
Suikoden 1-2,PS1,,,,,,Backlog
Final Fantasy 7-9,PS1,,,,,,Backlog
Lunar 2,Other,,,,,,Backlog
SimCity 1-3,PC,,,,,,Backlog
Sid Meier's Pirates!,PC,,,,,,Backlog
Pharaoh,PC,,,,,,Backlog
Shining Force 2,Mega Drive,,,,,,Backlog
Heroes of Might and Magic II-III,PC,,,,,,Backlog
Magical Quest 3,SNES,,,,,,Backlog
Castle of Illusion,Mega Drive,,,,,,Backlog
Aladdin,SNES,,,,,,Backlog
Do Re Mi Fantasy,SNES,,,,,,Backlog
Super Mario Land 2,Game Boy,,,,,,Backlog
Ufouria,NES,,,,,,Backlog
Soleil / Crusader of Centy,Mega Drive,,,,,,Backlog
Diablo 1-2,PC,,,,,,Backlog
Sylvan Tale,Game Gear,,,,,,Backlog
Loom,PC,,,,,,Backlog
Day of the Tentacle,PC,,,,,,Backlog
Snatcher,Other,,,,,,Backlog
River City Ransom,NES,,,,,,Backlog
TMNT: Turtles in Time,SNES,,,,,,Backlog
TMNT: The Hyperstone Heist,Mega Drive,,,,,,Backlog
Streets of Rage 2-3,Mega Drive,,,,,,Backlog
Sonic Blast Man II,SNES,,,,,,Backlog
Kingdom Crusade,Game Boy,,,,,,Backlog
General Chaos,Mega Drive,,,,,,Backlog
North & South,NES,,,,,,Backlog
Rock n' Roll Racing,SNES,,,,,,Backlog
Enduro Racer,Master System,,,,,,Backlog
Mario Kart 64,N64,,,,,,Backlog
Battle Mania Daiginjou,Mega Drive,,,,,,Backlog
MUSHA,Mega Drive,,,,,,Backlog
Super Fantasy Zone,Mega Drive,,,,,,Backlog
Panorama Cotton,Mega Drive,,,,,,Backlog
Gleylancer,Mega Drive,,,,,,Backlog
Lords of Thunder,Other,,,,,,Backlog
Star Fox 64,N64,,,,,,Backlog
GG Aleste 1,Game Gear,,,,,,Backlog
TwinBee 3,NES,,,,,,Backlog
Kickle Cubicle,NES,,,,,,Backlog
Solomon's Club,Game Boy,,,,,,Backlog
Tetris Attack,SNES,,,,,,Backlog
Super Dodge Ball,NES,,,,,,Backlog
Trax,Game Boy,,,,,,Backlog
Bejeweled,PC,,,,,,Backlog
Lemmings,Other,,,,,,Backlog
Populous,Other,,,,,,Backlog
Arkanoid,Arcade,,,,,,Backlog
Pinball Dreams,Other,,,,,,Backlog
Shanghai,Other,,,,,,Backlog
Super Mario Land Trilogy,Game Boy,,,,,,Backlog
Castlevania Trilogy,Game Boy Advance,,,,,,Backlog
Shinobi 3,Mega Drive,,,,,,Backlog
Witchspire,PC,,,,,,Backlog
Berzerk,Arcade,,,,,,Backlog
Super Mario Bros. 3,NES,,,,,,Backlog
Castelian,NES,,,,,,Backlog
Twinsen's Adventure / Odyssey,DOS,,,,,,Backlog
Pokemon Pinball,Game Boy Color,,,,,,Backlog
Wario Blast,Game Boy,,,,,,Backlog
Twinbee Detana,Arcade,,,,,,Backlog
Mario Golf,N64,,,,,,Backlog
Might & Magic: Clash of Heroes,Nintendo DS,,,,,,Backlog
Yoshi's Cookie,NES,,,,,,Backlog
A Plumber For All Seasons,SNES,,,,,,Backlog
For the Frog the Bell Tolls,Game Boy,,,,,,Backlog
Double Dragon Advance,Game Boy Advance,,,,,,Backlog
River City Ransom EX,Game Boy Advance,,,,,,Backlog
Dragon Ball Advanced Adventure,Game Boy Advance,,,,,,Backlog
Final Fight One,Game Boy Advance,,,,,,Backlog
Gekido Advance: Kintaro's Revenge,Game Boy Advance,,,,,,Backlog
Teenage Mutant Ninja Turtles 2: Battle Nexus,Game Boy Advance,,,,,,Backlog
Batman: Rise of Sin Tzu,Game Boy Advance,,,,,,Backlog
X-Men: Reign of Apocalypse,Game Boy Advance,,,,,,Backlog
Bruce Lee: Return of the Legend,Game Boy Advance,,,,,,Backlog
One Piece,Game Boy Advance,,,,,,Backlog
Ribbit King,Game Cube,,,,,,Backlog
Mariomon,Game Boy Advance,,,,,,Backlog
Phantasy Star IV,Mega Drive,,,,,,Backlog
Vectorman,Mega Drive,,,,,,Backlog
Shining Force II,Mega Drive,,,,,,Backlog
Mickey Mania: The Timeless Adventures of Mickey Mouse,Mega Drive,,,,,,Backlog
